timestep,path
0,https://raw.githubusercontent.com/aiqc/aiqc/main/remote_datum/image/liberty_moon/images/frame_00.png
1,https://raw.githubusercontent.com/aiqc/aiqc/main/remote_datum/image/liberty_moon/images/frame_01.png
2,https://raw.githubusercontent.com/aiqc/aiqc/main/remote_datum/image/liberty_moon/images/frame_02.png
3,https://raw.githubusercontent.com/aiqc/aiqc/main/remote_datum/image/liberty_moon/images/frame_03.png
4,https://raw.githubusercontent.com/aiqc/aiqc/main/remote_datum/image/liberty_moon/images/frame_04.png
5,https://raw.githubusercontent.com/aiqc/aiqc/main/remote_datum/image/liberty_moon/images/frame_05.png
6,https://raw.githubusercontent.com/aiqc/aiqc/main/remote_datum/image/liberty_moon/images/frame_06.png
7,https://raw.githubusercontent.com/aiqc/aiqc/main/remote_datum/image/liberty_moon/images/frame_07.png
8,https://raw.githubusercontent.com/aiqc/aiqc/main/remote_datum/image/liberty_moon/images/frame_08.png
9,https://raw.githubusercontent.com/aiqc/aiqc/main/remote_datum/image/liberty_moon/images/frame_09.png
10,https://raw.githubusercontent.com/aiqc/aiqc/main/remote_datum/image/liberty_moon/images/frame_10.png
11,https://raw.githubusercontent.com/aiqc/aiqc/main/remote_datum/image/liberty_moon/images/frame_11.png
12,https://raw.githubusercontent.com/aiqc/aiqc/main/remote_datum/image/liberty_moon/images/frame_12.png
13,https://raw.githubusercontent.com/aiqc/aiqc/main/remote_datum/image/liberty_moon/images/frame_13.png
14,https://raw.githubusercontent.com/aiqc/aiqc/main/remote_datum/image/liberty_moon/images/frame_14.png
